AnmManager,th06::AnmManager
AnmVm,th06::AnmVm
AsciiManager,th06::AsciiManager,th06::StageMenu
BulletManager,th06::BulletManager
Chain,th06::Chain,th06::ChainElem
EclManager,th06::EclManager
EffectManager,th06::EffectManager
Ending,th06::Ending
Enemy,th06::Enemy
EnemyManager,th06::EnemyManager
FileAbstraction,th06::FileAbstraction
FileSystem,th06::FileSystem
GameErrorContext,th06::GameErrorContext
GameManager,th06::GameManager
GameWindow,th06::GameWindow
Gui,th06::Gui
GuiImpl,th06::GuiImpl
IPbg3Parser,th06::IPbg3Parser
ItemManager,th06::ItemManager
MainMenu,th06::MainMenu
MidiOutput,th06::MidiDevice,th06::MidiTimer,th06::MidiOutput
Pbg3Archive,th06::Pbg3Archive
Pbg3Parser,th06::Pbg3Parser
Player,th06::Player
ResultScreen,th06::ResultScreen
Rng,th06::Rng
ScreenEffect,th06::ScreenEffect
SoundPlayer,th06::SoundPlayer
Stage,th06::Stage
Supervisor,th06::Supervisor,th06::Controller
TextHelper,th06::TextHelper
utils,th06::utils
ZunTimer,th06::ZunTimer
zwave,th06::CSound,th06::CSoundManager,th06::CStreamingSound,th06::CWaveFile
main,WinMain
